City_ID,City,Country,Date,Lat,Lng,Max Temp,Humidity,Cloudiness,Wind Speed
0,Severo-Kurilsk,RU,2020-07-20 18:26:12,50.68,156.12,48.49,85,18,4.16
1,Albany,US,2020-07-20 18:29:50,42.6,-73.97,91.99,41,74,1.99
2,Batticaloa,LK,2020-07-20 18:31:12,7.71,81.69,80.22,83,100,13.15
3,Santa Rosa,PH,2020-07-20 18:31:12,14.31,121.11,81.0,83,0,3.36
4,Puerto Ayora,EC,2020-07-20 18:31:12,-0.74,-90.35,75.2,73,75,6.93
5,Butaritari,KI,2020-07-20 18:31:13,3.07,172.79,82.89,67,5,6.91
6,Sokoni,TZ,2020-07-20 18:31:13,-6.43,39.55,75.2,78,20,10.29
7,Qaanaaq,GL,2020-07-20 18:31:13,77.48,-69.36,47.07,74,100,0.87
8,Rikitea,PF,2020-07-20 18:31:13,-23.12,-134.97,68.11,60,75,14.92
9,Dikson,RU,2020-07-20 18:31:13,73.51,80.55,41.02,97,100,13.15
10,Mataura,NZ,2020-07-20 18:31:14,-46.19,168.86,39.0,83,100,3.0
11,Mar Del Plata,AR,2020-07-20 18:31:14,-38.0,-57.56,53.6,100,90,14.99
12,Hofn,IS,2020-07-20 18:31:14,64.25,-15.21,53.6,76,20,6.93
13,Raton,US,2020-07-20 18:29:05,36.9,-104.44,84.0,44,1,5.82
14,Tasiilaq,GL,2020-07-20 18:31:14,65.61,-37.64,48.2,76,40,10.29
15,Kosino,RU,2020-07-20 18:31:14,58.41,51.28,63.27,95,100,11.61
16,Punta Arenas,CL,2020-07-20 18:31:08,-53.15,-70.92,33.8,80,40,5.82
17,Avarua,CK,2020-07-20 18:31:15,-21.21,-159.78,75.2,78,100,23.04
18,Robertsport,LR,2020-07-20 18:31:15,6.75,-11.37,76.93,86,100,15.57
19,Litovko,RU,2020-07-20 18:31:15,49.24,135.17,65.59,98,100,2.75
20,Busselton,AU,2020-07-20 18:31:15,-33.65,115.33,51.01,66,36,13.85
21,Sangar,RU,2020-07-20 18:31:15,63.92,127.47,66.38,83,100,15.35
22,Acapulco,MX,2020-07-20 18:29:16,16.86,-99.89,87.8,70,75,9.17
23,Sinnamary,GF,2020-07-20 18:31:16,5.38,-52.95,81.52,81,100,7.85
24,Tuktoyaktuk,CA,2020-07-20 18:31:16,69.45,-133.04,42.8,87,90,13.87
25,Arraial Do Cabo,BR,2020-07-20 18:30:55,-22.97,-42.03,82.4,69,0,13.87
26,Voh,NC,2020-07-20 18:31:16,-20.97,164.7,63.43,68,90,2.37
27,Ponta Do Sol,PT,2020-07-20 18:28:33,32.67,-17.1,72.0,63,0,3.0
28,Kaitangata,NZ,2020-07-20 18:31:16,-46.28,169.85,51.01,62,100,1.99
29,Sulangan,PH,2020-07-20 18:31:16,11.14,123.72,84.31,74,76,6.08
30,Hamilton,US,2020-07-20 18:27:46,39.18,-84.53,91.99,55,1,4.7
31,Loikaw,MM,2020-07-20 18:31:16,19.67,97.21,70.39,91,100,1.92
32,Hobart,AU,2020-07-20 18:29:17,-42.88,147.33,48.0,81,90,8.05
33,Urumqi,CN,2020-07-20 18:31:17,43.8,87.6,78.8,41,100,6.71
34,New Norfolk,AU,2020-07-20 18:30:18,-42.78,147.06,48.0,90,83,1.99
35,Noumea,NC,2020-07-20 18:30:03,-22.28,166.46,68.0,93,75,3.36
36,Atuona,PF,2020-07-20 18:31:17,-9.8,-139.03,80.04,79,24,19.62
37,Bethel,US,2020-07-20 18:31:17,41.37,-73.41,91.0,58,40,10.29
38,Roebourne,AU,2020-07-20 18:31:17,-20.78,117.13,67.06,51,0,12.97
39,Port Blair,IN,2020-07-20 18:31:17,11.67,92.75,81.57,77,100,3.4
40,Mehamn,NO,2020-07-20 18:31:17,71.04,27.85,48.2,100,90,8.05
41,Carnarvon,AU,2020-07-20 18:31:18,-24.87,113.63,55.4,71,0,8.05
42,Talnakh,RU,2020-07-20 18:31:18,69.49,88.4,50.0,100,90,8.95
43,Marsabit,KE,2020-07-20 18:31:18,2.33,37.99,67.89,50,99,17.45
44,Babylon,US,2020-07-20 18:29:54,40.7,-73.33,93.99,52,20,12.75
45,Port Elizabeth,ZA,2020-07-20 18:31:16,-33.92,25.57,60.8,100,23,10.29
46,Lompoc,US,2020-07-20 18:31:18,34.64,-120.46,66.99,72,0,13.87
47,Hilo,US,2020-07-20 18:31:18,19.73,-155.09,79.0,65,90,5.82
48,Leningradskiy,RU,2020-07-20 18:29:05,69.38,178.42,42.08,76,16,8.23
49,Shostka,UA,2020-07-20 18:31:19,51.86,33.47,61.61,82,0,3.02
50,Outlook,CA,2020-07-20 18:31:20,51.5,-107.05,71.01,61,93,1.99
51,Pacific Grove,US,2020-07-20 18:31:20,36.62,-121.92,62.6,77,90,4.7
52,Port Hardy,CA,2020-07-20 18:28:23,50.7,-127.42,62.6,88,40,9.17
53,Dunedin,NZ,2020-07-20 18:31:21,-45.87,170.5,50.0,78,100,1.99
54,Arman,RU,2020-07-20 18:31:21,59.7,150.17,56.61,73,0,3.8
55,Namibe,AO,2020-07-20 18:31:21,-15.2,12.15,66.74,69,9,3.49
56,Vilyuysk,RU,2020-07-20 18:31:22,63.76,121.62,63.45,95,100,4.07
57,Tautira,PF,2020-07-20 18:29:00,-17.73,-149.15,75.2,83,20,3.36
58,Yellowknife,CA,2020-07-20 18:30:06,62.46,-114.35,75.0,56,75,2.24
59,Thompson,CA,2020-07-20 18:31:22,55.74,-97.86,77.0,33,75,3.36
60,Port Alfred,ZA,2020-07-20 18:27:51,-33.59,26.89,60.13,61,0,4.94
61,Poum,NC,2020-07-20 18:28:26,-20.23,164.02,69.64,61,7,12.15
62,Tilichiki,RU,2020-07-20 18:26:54,60.47,166.1,48.7,95,66,2.55
63,Kamaishi,JP,2020-07-20 18:31:23,39.27,141.88,67.14,88,100,6.22
64,Cape Town,ZA,2020-07-20 18:31:23,-33.93,18.42,59.0,87,0,5.82
65,Urucara,BR,2020-07-20 18:29:53,-2.54,-57.76,94.42,37,49,5.12
66,Padang,ID,2020-07-20 18:31:24,-0.95,100.35,78.46,78,60,5.53
67,Sibolga,ID,2020-07-20 18:26:37,1.74,98.78,76.44,86,85,4.29
68,Saint-Philippe,RE,2020-07-20 18:31:11,-21.36,55.77,68.0,64,84,16.11
69,Zhezkazgan,KZ,2020-07-20 18:31:24,47.8,67.71,79.16,24,2,8.5
70,Dankov,RU,2020-07-20 18:31:24,53.25,39.16,66.2,59,67,6.71
71,Goderich,CA,2020-07-20 18:31:24,43.75,-81.72,73.99,76,0,3.0
72,Otelu Rosu,RO,2020-07-20 18:31:24,45.53,22.37,61.93,86,1,2.08
73,Souillac,MU,2020-07-20 18:31:24,-20.52,57.52,69.8,60,75,10.29
74,Longyearbyen,SJ,2020-07-20 18:31:24,78.22,15.64,44.6,87,75,3.36
75,Bluff,NZ,2020-07-20 18:30:06,-46.6,168.33,39.0,83,100,3.0
76,Kigoma,TZ,2020-07-20 18:31:25,-4.88,29.63,75.2,60,5,5.48
77,Provideniya,RU,2020-07-20 18:31:25,64.38,-173.3,47.44,71,74,4.65
78,Barcelos,PT,2020-07-20 18:31:25,41.54,-8.62,84.99,73,1,4.7
79,Pucallpa,PE,2020-07-20 18:31:25,-8.38,-74.55,87.8,62,75,3.36
80,Beidao,CN,2020-07-20 18:31:25,34.57,105.89,63.99,77,66,5.3
81,Juchitlan,MX,2020-07-20 18:31:25,20.08,-104.12,83.75,41,3,3.44
82,Yenagoa,NG,2020-07-20 18:28:44,4.92,6.26,74.3,94,96,3.36
83,Atbasar,KZ,2020-07-20 18:31:26,51.8,68.33,71.49,59,62,6.93
84,Fortuna,US,2020-07-20 18:26:31,40.6,-124.16,59.0,100,90,6.93
85,Faanui,PF,2020-07-20 18:31:26,-16.48,-151.75,77.32,83,37,24.96
86,Katsuura,JP,2020-07-20 18:31:26,35.13,140.3,75.0,92,100,1.99
87,Lavrentiya,RU,2020-07-20 18:31:26,65.58,-171.0,44.98,78,100,7.14
88,Mangan,IN,2020-07-20 18:31:26,27.52,88.53,74.14,59,100,0.94
89,Kapaa,US,2020-07-20 18:31:06,22.08,-159.32,78.8,83,90,14.99
90,Hasaki,JP,2020-07-20 18:26:47,35.73,140.83,69.01,100,75,5.82
91,San-Pedro,CI,2020-07-20 18:31:27,4.75,-6.64,76.06,89,55,7.83
92,Khatanga,RU,2020-07-20 18:31:27,71.97,102.5,51.35,69,100,5.97
93,Sabla,NG,2020-07-20 18:31:27,12.75,4.71,89.33,46,96,10.33
94,Orange Walk,BZ,2020-07-20 18:31:27,17.83,-88.83,93.0,66,20,8.05
95,Ondjiva,AO,2020-07-20 18:31:27,-17.07,15.73,60.08,37,0,5.41
96,Dvinskoy,RU,2020-07-20 18:31:27,62.15,45.12,65.32,82,51,5.48
97,Manado,ID,2020-07-20 18:31:27,1.49,124.85,75.2,94,40,3.96
98,Ilulissat,GL,2020-07-20 18:27:54,69.22,-51.1,57.2,41,75,4.7
99,Touros,BR,2020-07-20 18:26:50,-5.2,-35.46,75.2,100,75,9.17
100,Ushuaia,AR,2020-07-20 18:27:48,-54.8,-68.3,32.0,85,0,4.7
101,Abu Samrah,SY,2020-07-20 18:26:53,35.3,37.18,83.12,33,0,10.45
102,La Orilla,MX,2020-07-20 18:31:28,17.98,-102.23,87.82,63,0,9.64
103,Beringovskiy,RU,2020-07-20 18:31:28,63.05,179.32,45.73,82,10,11.79
104,La Ronge,CA,2020-07-20 18:31:25,55.1,-105.28,69.8,64,75,6.93
105,Kruisfontein,ZA,2020-07-20 18:31:29,-34.0,24.73,59.99,95,98,5.66
106,Lebu,CL,2020-07-20 18:31:29,-37.62,-73.65,54.23,82,64,11.99
107,Ancud,CL,2020-07-20 18:28:02,-41.87,-73.82,53.6,76,96,4.7
108,Cabo San Lucas,MX,2020-07-20 18:30:29,22.89,-109.91,91.4,46,5,17.22
109,Camacha,PT,2020-07-20 18:31:29,33.08,-16.33,71.6,64,40,19.46
110,Kodiak,US,2020-07-20 18:31:30,57.79,-152.41,66.2,59,1,6.93
111,Polis,CY,2020-07-20 18:31:30,35.04,32.43,78.8,74,0,8.05
112,Schela,RO,2020-07-20 18:31:30,45.5,27.82,68.72,75,56,11.39
113,East London,ZA,2020-07-20 18:31:30,-33.02,27.91,65.71,39,0,3.42
114,San Felix,UY,2020-07-20 18:31:31,-32.33,-58.13,78.01,58,100,1.01
115,Bambanglipuro,ID,2020-07-20 18:31:31,-7.95,110.28,76.87,85,81,7.99
116,Walvis Bay,NA,2020-07-20 18:31:31,-22.96,14.51,77.0,17,0,9.17
117,General Roca,AR,2020-07-20 18:31:28,-39.03,-67.58,48.2,87,75,6.93
118,Caravelas,BR,2020-07-20 18:31:31,-17.71,-39.25,76.46,70,0,8.25
119,Pisco,PE,2020-07-20 18:31:31,-13.7,-76.22,62.01,87,90,6.93
120,Fort Nelson,CA,2020-07-20 18:31:31,58.81,-122.7,71.6,56,75,2.24
121,Iberia,US,2020-07-20 18:31:31,29.95,-91.75,81.0,94,100,5.82
122,Kaduqli,SD,2020-07-20 18:31:31,11.02,29.72,72.86,85,18,7.16
123,Muroto,JP,2020-07-20 18:31:32,33.28,134.15,79.47,85,100,5.14
124,Panama City,PA,2020-07-20 18:27:03,8.99,-79.52,84.2,83,40,6.93
125,Sioux Lookout,CA,2020-07-20 18:31:32,50.1,-91.92,69.8,49,75,2.24
126,Saint-Joseph,RE,2020-07-20 18:31:32,-21.37,55.62,68.0,64,45,16.11
127,Yar-Sale,RU,2020-07-20 18:31:32,66.83,70.83,60.57,54,100,6.31
128,Esperance,AU,2020-07-20 18:31:32,-33.87,121.9,50.0,81,90,5.82
129,Margate,GB,2020-07-20 18:31:32,51.38,1.39,66.99,61,0,1.99
130,Avera,US,2020-07-20 18:31:32,33.19,-82.53,95.0,44,40,4.7
131,Barrow,US,2020-07-20 18:30:48,71.29,-156.79,33.8,86,90,10.29
132,Pasighat,IN,2020-07-20 18:31:33,28.07,95.33,73.83,88,100,3.42
133,Nhulunbuy,AU,2020-07-20 18:31:33,-12.23,136.77,71.6,83,58,4.7
134,Kavaratti,IN,2020-07-20 18:28:13,10.57,72.64,82.38,80,100,25.37
135,Kenai,US,2020-07-20 18:31:33,60.55,-151.26,60.8,82,1,6.93
136,Burnie,AU,2020-07-20 18:31:34,-41.07,145.92,45.0,91,66,7.0
137,Lucapa,AO,2020-07-20 18:31:34,-8.42,20.74,68.67,24,0,2.35
138,Luderitz,NA,2020-07-20 18:28:24,-26.65,15.16,69.8,30,0,4.7
139,Ilinskiy,RU,2020-07-20 18:31:34,55.62,38.12,66.0,82,40,2.24
140,Rocha,UY,2020-07-20 18:31:34,-34.48,-54.33,72.16,80,100,4.88
141,Saint George,US,2020-07-20 18:29:10,37.1,-113.58,100.0,13,1,13.87
142,Maceio,BR,2020-07-20 18:31:35,-9.67,-35.74,82.4,58,40,14.99
143,Hue,VN,2020-07-20 18:30:04,16.47,107.6,82.4,88,20,3.36
144,Cidreira,BR,2020-07-20 18:27:51,-30.18,-50.21,74.77,65,9,2.86
145,Yuxia,CN,2020-07-20 18:31:35,34.06,108.63,82.0,78,100,4.47
146,Cayenne,GF,2020-07-20 18:31:35,4.93,-52.33,86.0,70,100,3.36
147,Vaini,TO,2020-07-20 18:29:51,-21.2,-175.2,68.0,82,20,8.05
148,Taoudenni,ML,2020-07-20 18:28:07,22.68,-3.98,113.32,9,4,7.61
149,Naliya,IN,2020-07-20 18:31:36,23.27,68.83,84.79,80,100,20.18
150,Nanortalik,GL,2020-07-20 18:31:36,60.14,-45.24,51.01,64,2,3.02
151,Valle Hermoso,MX,2020-07-20 18:31:36,25.67,-97.83,93.2,55,75,6.93
152,Arroyo,ES,2020-07-20 18:31:36,41.61,-4.8,93.0,18,0,3.36
153,Lagoa,PT,2020-07-20 18:31:36,39.05,-27.98,69.8,71,12,5.66
154,Victoria,HK,2020-07-20 18:31:04,22.29,114.16,84.0,79,98,3.0
155,Vao,NC,2020-07-20 18:31:37,-22.67,167.48,68.88,63,50,12.68
156,Shinuhayr,AM,2020-07-20 18:31:37,39.44,46.32,69.71,60,0,3.78
157,Bengkulu,ID,2020-07-20 18:31:37,-3.8,102.27,77.49,86,76,6.71
158,Jamestown,US,2020-07-20 18:30:15,42.1,-79.24,81.0,53,40,13.87
159,Camacari,BR,2020-07-20 18:31:38,-12.7,-38.32,80.6,74,75,11.41
160,Iquitos,PE,2020-07-20 18:31:38,-3.75,-73.25,87.8,62,75,4.7
161,Kaeo,NZ,2020-07-20 18:31:38,-35.1,173.78,52.0,3,73,5.53
162,Belmonte,BR,2020-07-20 18:31:38,-15.86,-38.88,78.8,65,20,9.17
163,Tiksi,RU,2020-07-20 18:31:38,71.69,128.87,45.3,85,100,13.62
164,Castro,BR,2020-07-20 18:29:49,-24.79,-50.01,69.89,57,0,7.09
165,Meulaboh,ID,2020-07-20 18:31:38,4.14,96.13,78.42,85,100,4.36
166,Ilfracombe,GB,2020-07-20 18:31:39,51.21,-4.11,64.99,68,0,5.99
167,Jinchang,CN,2020-07-20 18:31:39,38.5,102.17,73.85,34,100,1.88
168,Bintulu,MY,2020-07-20 18:31:39,3.17,113.03,77.0,100,20,2.24
169,Yumen,CN,2020-07-20 18:31:39,40.28,97.2,76.55,31,100,21.07
170,Hobyo,SO,2020-07-20 18:31:39,5.35,48.53,78.37,71,100,26.53
171,Sakaiminato,JP,2020-07-20 18:31:39,35.55,133.23,77.0,94,40,5.82
172,Tocopilla,CL,2020-07-20 18:31:39,-22.09,-70.2,66.38,49,100,7.27
173,Wilmington,US,2020-07-20 18:28:04,34.23,-77.94,96.01,47,20,5.82
174,Oyama,JP,2020-07-20 18:31:40,36.3,139.8,75.99,94,75,8.05
175,Torbay,CA,2020-07-20 18:31:40,47.67,-52.73,80.01,53,75,14.99
176,Pevek,RU,2020-07-20 18:31:40,69.7,170.31,45.93,58,0,3.33
177,Ribeira Grande,PT,2020-07-20 18:31:40,38.52,-28.7,75.2,60,75,5.82
178,Turukhansk,RU,2020-07-20 18:28:04,65.82,87.98,51.42,84,11,9.15
179,Hermanus,ZA,2020-07-20 18:27:11,-34.42,19.23,55.99,87,0,5.01
180,San Cristobal,VE,2020-07-20 18:31:40,7.77,-72.22,89.6,46,75,20.8
181,Saskylakh,RU,2020-07-20 18:31:41,71.92,114.08,50.76,66,83,4.97
182,Zhigansk,RU,2020-07-20 18:31:41,66.77,123.37,60.71,94,100,7.16
183,Kargasok,RU,2020-07-20 18:28:35,59.06,80.86,56.1,91,50,12.53
184,Sao Filipe,CV,2020-07-20 18:31:41,14.9,-24.5,78.08,75,52,10.65
185,Lazaro Cardenas,MX,2020-07-20 18:31:41,17.96,-102.2,87.98,62,0,9.08
186,Dryden,CA,2020-07-20 18:31:41,49.78,-92.75,68.0,49,40,3.36
187,Bull Savanna,JM,2020-07-20 18:31:41,17.89,-77.59,85.05,66,59,13.58
188,Saldanha,ZA,2020-07-20 18:31:41,-33.01,17.94,55.4,76,0,3.36
189,Faya,SA,2020-07-20 18:31:41,18.39,42.45,68.0,64,53,6.93
190,Porto Velho,BR,2020-07-20 18:30:40,-8.76,-63.9,93.2,41,40,8.05
191,Cozumel,MX,2020-07-20 18:31:12,20.51,-86.95,87.8,70,75,6.93
192,Geraldton,AU,2020-07-20 18:31:42,-28.77,114.6,46.4,81,0,11.41
193,Portland,US,2020-07-20 18:29:58,45.52,-122.68,81.0,57,1,10.29
194,Bredasdorp,ZA,2020-07-20 18:31:42,-34.53,20.04,60.8,87,0,13.87
195,Aksay,RU,2020-07-20 18:31:42,47.26,39.87,79.0,53,20,4.47
196,Pontianak,ID,2020-07-20 18:31:42,-0.03,109.33,74.88,91,81,1.5
197,Ponta Delgada,PT,2020-07-20 18:31:42,37.73,-25.67,73.4,60,75,9.17
198,Man,CI,2020-07-20 18:31:43,7.41,-7.55,73.62,93,66,2.84
199,Pinega,RU,2020-07-20 18:31:43,64.7,43.39,61.36,71,0,4.0
200,Aklavik,CA,2020-07-20 18:31:43,68.22,-135.01,50.0,81,90,10.29
201,Port Lincoln,AU,2020-07-20 18:31:43,-34.73,135.87,52.72,64,79,4.99
202,Pyapon,MM,2020-07-20 18:31:43,16.28,95.68,80.02,88,100,5.57
203,Nelson Bay,AU,2020-07-20 18:31:43,-32.72,152.15,44.6,70,0,10.29
204,Dingle,PH,2020-07-20 18:28:03,11.0,122.67,77.47,83,42,4.18
205,Isangel,VU,2020-07-20 18:31:43,-19.55,169.27,67.32,60,5,5.68
206,Miri,MY,2020-07-20 18:31:44,4.41,114.01,78.8,100,40,3.36
207,Gamba,GA,2020-07-20 18:31:44,-2.65,10.0,71.71,87,42,4.9
208,Los Llanos De Aridane,ES,2020-07-20 18:31:44,28.66,-17.92,75.2,69,20,18.34
209,Bilma,NE,2020-07-20 18:31:44,18.69,12.92,97.57,17,71,7.94
210,Port Augusta,AU,2020-07-20 18:31:44,-32.5,137.77,42.01,100,100,4.7
211,Tazovskiy,RU,2020-07-20 18:31:44,67.47,78.7,52.02,68,99,10.56
212,Yei,SS,2020-07-20 18:31:45,4.09,30.68,66.65,95,61,1.66
213,Oktyabrskiy,RU,2020-07-20 18:31:45,54.48,53.47,61.38,88,0,4.07
214,Asau,RO,2020-07-20 18:31:17,46.43,26.4,60.01,97,0,3.06
215,Avallon,FR,2020-07-20 18:31:45,47.48,3.9,82.0,33,0,8.3
216,Ignacio Zaragoza,MX,2020-07-20 18:31:45,28.38,-107.22,75.99,51,27,5.01
217,Khanu Woralaksaburi,TH,2020-07-20 18:31:45,16.06,99.86,81.57,79,100,2.08
218,Klaksvik,FO,2020-07-20 18:31:45,62.23,-6.59,50.0,93,54,13.87
219,Clyde River,CA,2020-07-20 18:28:01,70.47,-68.59,42.8,100,90,12.75
220,Fereydun Kenar,IR,2020-07-20 18:31:45,36.69,52.52,82.4,74,0,4.7
221,Rundu,NA,2020-07-20 18:30:51,-17.93,19.77,66.2,41,0,4.7
222,Mount Gambier,AU,2020-07-20 18:31:46,-37.83,140.77,44.6,100,90,8.05
223,Mogadishu,SO,2020-07-20 18:31:46,2.04,45.34,77.58,79,100,20.09
224,Georgetown,MY,2020-07-20 18:31:46,5.41,100.34,78.8,94,20,2.24
225,Camalu,MX,2020-07-20 18:31:46,30.85,-116.07,83.01,35,0,16.15
226,Grand-Santi,GF,2020-07-20 18:31:46,4.25,-54.38,80.83,92,98,4.18
227,Bosaso,SO,2020-07-20 18:31:46,11.28,49.18,92.01,41,28,19.26
228,Jackson,US,2020-07-20 18:31:46,42.42,-122.83,86.0,36,1,4.7
229,Tateyama,JP,2020-07-20 18:28:19,34.98,139.87,75.0,100,100,5.26
230,Behbahan,IR,2020-07-20 18:31:47,30.6,50.24,113.0,12,81,18.34
231,Mazamari,PE,2020-07-20 18:31:47,-11.33,-74.53,92.26,29,24,2.19
232,Hithadhoo,MV,2020-07-20 18:28:04,-0.6,73.08,84.2,79,100,13.96
233,Frankfurt,DE,2020-07-20 18:31:47,50.12,8.68,75.99,49,100,13.87
234,Rio Grande,BR,2020-07-20 18:28:53,-32.03,-52.1,87.8,40,56,8.05
235,Upernavik,GL,2020-07-20 18:27:58,72.79,-56.15,51.53,46,10,9.46
236,Taitung,TW,2020-07-20 18:31:47,22.76,121.14,80.56,72,4,4.32
237,Limbe,CM,2020-07-20 18:31:47,4.02,9.21,78.8,94,75,3.36
238,Dafeng,CN,2020-07-20 18:28:55,23.45,108.59,78.28,85,100,6.51
239,Iqaluit,CA,2020-07-20 18:31:47,63.75,-68.51,46.4,100,90,4.7
240,Talaya,RU,2020-07-20 18:31:48,61.38,152.75,56.14,63,0,5.21
241,Ferzikovo,RU,2020-07-20 18:31:48,54.52,36.76,62.6,82,3,2.24
242,Japura,ID,2020-07-20 18:31:48,-0.32,102.35,73.62,96,16,2.3
243,Richards Bay,ZA,2020-07-20 18:30:37,-28.78,32.04,63.05,79,0,9.55
244,Sicamous,CA,2020-07-20 18:31:48,50.83,-118.99,68.0,64,0,2.24
245,Ballina,AU,2020-07-20 18:31:48,-28.87,153.57,50.0,93,8,8.46
246,Port Keats,AU,2020-07-20 18:31:48,-14.25,129.55,63.99,77,100,7.18
247,Tiarei,PF,2020-07-20 18:31:48,-17.53,-149.33,75.2,83,20,3.36
248,Haines Junction,CA,2020-07-20 18:30:54,60.75,-137.51,59.86,70,100,4.74
249,Kodinsk,RU,2020-07-20 18:31:49,58.69,99.18,48.63,77,63,2.1
250,Port-Gentil,GA,2020-07-20 18:28:37,-0.72,8.78,78.8,74,40,10.51
251,Imeni Zhelyabova,RU,2020-07-20 18:31:49,58.95,36.6,62.56,83,100,1.45
252,Kloulklubed,PW,2020-07-20 18:31:49,7.04,134.26,84.18,64,84,4.18
253,San Patricio,MX,2020-07-20 18:31:49,19.22,-104.7,91.4,63,20,11.41
254,Languyan,PH,2020-07-20 18:31:49,5.26,120.08,79.05,82,6,2.51
255,Nalut,LY,2020-07-20 18:31:49,30.33,10.85,89.28,22,1,17.34
256,Lerwick,GB,2020-07-20 18:31:49,60.15,-1.15,53.6,81,100,6.93
257,Bitung,ID,2020-07-20 18:31:50,1.45,125.18,75.2,94,40,8.23
258,Guerrero Negro,MX,2020-07-20 18:31:50,27.98,-114.06,88.36,37,0,8.99
259,Bontang,ID,2020-07-20 18:31:50,0.13,117.5,76.73,88,2,3.89
260,Honiara,SB,2020-07-20 18:31:47,-9.43,159.95,75.2,94,20,2.24
261,Yanam,IN,2020-07-20 18:31:50,16.73,82.22,81.19,88,100,5.93
262,Muramatsu,JP,2020-07-20 18:31:50,37.68,139.18,73.99,95,99,3.58
263,Ukiah,US,2020-07-20 18:27:21,39.15,-123.21,79.0,53,1,5.82
264,Barra Do Garcas,BR,2020-07-20 18:31:50,-15.89,-52.26,89.26,26,0,7.72
265,Marau,BR,2020-07-20 18:31:51,-28.45,-52.2,71.62,76,5,4.7
266,Manglisi,GE,2020-07-20 18:31:51,41.7,44.38,87.8,48,16,1.99
267,Lethem,GY,2020-07-20 18:28:54,3.38,-59.8,89.01,57,28,3.65
268,Genhe,CN,2020-07-20 18:31:51,50.78,121.52,49.08,88,48,6.24
269,Ternate,ID,2020-07-20 18:31:51,0.8,127.4,79.48,79,33,3.27
270,Adrar,MR,2020-07-20 18:31:51,20.5,-10.07,103.77,13,8,11.25
271,Kysyl-Syr,RU,2020-07-20 18:31:51,63.9,122.76,63.84,92,100,3.47
272,Moron,AR,2020-07-20 18:31:51,-34.65,-58.62,68.0,88,100,8.05
273,Maglajani,BA,2020-07-20 18:31:51,44.95,17.35,78.8,44,0,2.24
274,Leh,IN,2020-07-20 18:31:51,34.17,77.58,57.09,47,53,3.85
275,Chokurdakh,RU,2020-07-20 18:31:52,70.63,147.92,67.05,49,100,9.8
276,Kieta,PG,2020-07-20 18:31:52,-6.22,155.63,77.25,77,95,4.27
277,Katiola,CI,2020-07-20 18:31:52,8.13,-5.1,80.6,74,40,6.93
278,Dubbo,AU,2020-07-20 18:31:52,-32.25,148.62,35.6,100,0,9.17
279,Quatre Cocos,MU,2020-07-20 18:27:51,-20.21,57.76,69.8,60,75,10.29
280,Ekhabi,RU,2020-07-20 18:31:53,53.51,142.97,52.11,92,100,13.51
281,Mitu,CO,2020-07-20 18:31:54,1.2,-70.17,88.41,51,85,3.15
282,Kahului,US,2020-07-20 18:31:54,20.89,-156.47,82.4,58,40,18.34
283,Chuy,UY,2020-07-20 18:31:54,-33.7,-53.46,69.53,80,100,7.85
284,Merrill,US,2020-07-20 18:31:55,45.18,-89.68,71.6,53,1,6.93
285,Miraflores,MX,2020-07-20 18:31:55,19.22,-98.81,75.2,43,75,3.36
286,Hovd,MN,2020-07-20 18:31:55,48.01,91.64,68.88,52,94,3.15
287,Kulhudhuffushi,MV,2020-07-20 18:31:56,6.62,73.07,82.71,78,100,19.06
288,Airai,TL,2020-07-20 18:31:56,-8.93,125.41,54.57,88,0,2.35
289,Grand Forks,US,2020-07-20 18:29:03,47.93,-97.03,75.2,47,75,2.89
290,Mildura,AU,2020-07-20 18:31:07,-34.2,142.15,44.6,87,72,4.7
291,Coquimbo,CL,2020-07-20 18:31:57,-29.95,-71.34,62.6,67,0,11.41
292,Smithers,CA,2020-07-20 18:31:58,54.78,-127.17,60.8,77,75,0.85
293,Grand Gaube,MU,2020-07-20 18:31:58,-20.01,57.66,66.99,72,70,5.99
294,Phuthaditjhaba,ZA,2020-07-20 18:31:58,-28.52,28.82,46.74,38,0,3.47
295,Ulladulla,AU,2020-07-20 18:31:58,-35.35,150.47,48.2,61,0,13.87
296,Male,MV,2020-07-20 18:28:30,4.17,73.51,84.2,74,75,16.11
297,Mahebourg,MU,2020-07-20 18:31:59,-20.41,57.7,69.8,60,75,10.29
298,Wynyard,AU,2020-07-20 18:32:00,-41.0,145.72,45.0,91,12,7.0
299,Jacareacanga,BR,2020-07-20 18:28:39,-6.22,-57.75,96.8,34,54,5.82
300,Bratsk,RU,2020-07-20 18:29:49,56.13,101.61,48.2,87,70,2.24
301,Krasnovishersk,RU,2020-07-20 18:32:01,60.41,57.08,57.54,72,0,5.93
302,Lere,NG,2020-07-20 18:32:01,10.39,8.57,70.74,89,100,2.71
303,Arlit,NE,2020-07-20 18:31:29,18.74,7.39,99.39,19,22,7.85
304,Namatanai,PG,2020-07-20 18:27:57,-3.67,152.43,79.05,82,39,5.77
305,Khani,GE,2020-07-20 18:32:02,41.96,42.96,80.6,78,90,10.29
306,Ushtobe,KZ,2020-07-20 18:32:03,45.25,77.98,78.13,29,79,6.4
307,Plettenberg Bay,ZA,2020-07-20 18:28:44,-34.05,23.37,59.38,88,7,5.17
308,Lata,PT,2020-07-20 18:32:04,40.16,-8.33,93.99,23,1,5.01
309,Novopokrovka,UA,2020-07-20 18:32:04,49.84,36.55,73.4,40,75,2.24
310,Benguela,AO,2020-07-20 18:32:05,-12.58,13.41,68.14,78,0,3.74
311,Nikolskoye,RU,2020-07-20 18:32:05,59.7,30.79,73.99,64,20,4.47
312,Nago,JP,2020-07-20 18:32:05,26.59,127.98,82.4,94,1,3.36
313,Santo Antonio Do Sudoeste,BR,2020-07-20 18:32:06,-26.07,-53.73,74.08,62,1,4.45
314,Itaituba,BR,2020-07-20 18:32:06,-4.28,-55.98,95.0,41,40,11.41
315,Anadyr,RU,2020-07-20 18:31:03,64.75,177.48,48.2,76,0,4.47
316,Necochea,AR,2020-07-20 18:32:06,-38.55,-58.74,50.0,99,99,17.0
317,Ouadda,CF,2020-07-20 18:32:06,8.08,22.4,67.3,95,93,2.13
318,Kankan,GN,2020-07-20 18:32:07,10.39,-9.31,75.96,89,98,2.75
319,Abu Dhabi,AE,2020-07-20 18:27:50,24.47,54.37,96.8,63,95,5.82
320,Cherskiy,RU,2020-07-20 18:31:00,68.75,161.3,67.57,45,86,4.81
321,Mayumba,GA,2020-07-20 18:32:07,-3.43,10.66,71.1,90,100,2.66
322,Johnson City,US,2020-07-20 18:32:07,36.31,-82.35,91.0,49,1,5.93
323,Husavik,IS,2020-07-20 18:32:08,66.04,-17.34,51.8,66,82,12.75
324,Lixourion,GR,2020-07-20 18:32:08,38.2,20.43,75.2,69,0,16.11
325,Sungaipenuh,ID,2020-07-20 18:32:08,-2.08,101.38,65.66,95,100,3.85
326,Charters Towers,AU,2020-07-20 18:32:09,-20.1,146.27,59.4,87,100,5.08
327,Praia,CV,2020-07-20 18:32:10,14.92,-23.51,82.4,69,75,11.41
328,Malinovoye Ozero,RU,2020-07-20 18:32:10,51.68,79.78,70.39,66,0,7.4
329,Tuatapere,NZ,2020-07-20 18:32:10,-46.13,167.68,39.0,83,89,3.0
330,Yorosso,ML,2020-07-20 18:32:11,12.35,-4.78,78.94,74,4,4.27
331,Pangnirtung,CA,2020-07-20 18:31:32,66.15,-65.71,46.4,93,90,9.17
332,Khandyga,RU,2020-07-20 18:32:13,62.67,135.6,65.82,72,86,4.12
333,Praia Da Vitoria,PT,2020-07-20 18:32:12,38.73,-27.07,73.4,64,75,6.71
334,Yaan,NG,2020-07-20 18:32:13,7.38,8.57,73.89,94,99,6.11
335,Lyubashivka,UA,2020-07-20 18:32:14,47.84,30.26,65.86,84,100,6.42
336,Yukhnov,RU,2020-07-20 18:32:14,54.74,35.23,59.74,91,0,3.94
337,Sungairaya,ID,2020-07-20 18:32:15,0.7,108.9,77.4,85,100,3.71
338,Kununurra,AU,2020-07-20 18:32:15,-15.77,128.73,69.8,26,27,6.93
339,Lesogorskiy,RU,2020-07-20 18:32:15,61.05,28.93,68.0,82,77,3.36
340,Khor,RU,2020-07-20 18:32:15,47.89,134.95,65.35,98,100,3.18
341,Norman Wells,CA,2020-07-20 18:32:15,65.28,-126.83,60.8,77,75,2.24
342,Bubaque,GW,2020-07-20 18:32:16,11.28,-15.83,80.04,84,100,20.71
343,Blonay,CH,2020-07-20 18:32:16,46.47,6.9,82.0,46,50,4.0
344,Punta Gorda,US,2020-07-20 18:31:16,26.93,-82.05,93.99,49,40,12.75
345,Lahij,YE,2020-07-20 18:32:16,13.17,44.58,91.45,35,100,8.32
346,Xining,CN,2020-07-20 18:32:16,36.62,101.77,55.22,68,90,3.09
347,Ayan,RU,2020-07-20 18:32:17,56.45,138.17,52.63,96,100,15.12
348,Hagere Hiywet,ET,2020-07-20 18:32:17,8.98,37.85,56.62,86,26,2.55
349,Sao Felix Do Xingu,BR,2020-07-20 18:32:17,-6.64,-51.99,92.53,28,0,5.44
350,Mustasaari,FI,2020-07-20 18:32:17,63.11,21.68,69.8,68,100,4.7
351,Quisqueya,DO,2020-07-20 18:32:17,18.56,-69.41,95.0,63,20,11.41
352,Raymond,US,2020-07-20 18:32:17,43.9,-70.47,93.99,57,60,1.01
353,Gombong,ID,2020-07-20 18:32:18,-7.61,109.51,76.62,88,73,4.99
354,Uzventis,LT,2020-07-20 18:32:18,55.78,22.65,64.4,88,75,5.82
355,Alugan,PH,2020-07-20 18:32:18,12.22,125.48,81.09,81,82,1.9
356,Boddam,GB,2020-07-20 18:31:30,57.47,-1.78,55.0,93,75,5.82
357,Najran,SA,2020-07-20 18:32:18,17.49,44.13,87.8,40,0,6.93
358,Plavsk,RU,2020-07-20 18:32:18,53.71,37.29,60.17,89,85,7.31
359,Saint-Pierre,RE,2020-07-20 18:32:13,-21.34,55.48,68.0,64,7,16.11
360,Shimoda,JP,2020-07-20 18:32:19,34.67,138.95,71.01,96,100,7.18
361,Sitka,US,2020-07-20 18:32:19,57.05,-135.33,57.2,93,90,11.41
362,Vanimo,PG,2020-07-20 18:32:20,-2.67,141.3,78.3,82,93,5.97
363,Ciudad Bolivar,VE,2020-07-20 18:31:05,8.12,-63.55,88.86,59,65,3.11
364,Vrangel,RU,2020-07-20 18:32:21,42.73,133.08,67.59,96,100,4.18
365,Adre,TD,2020-07-20 18:32:21,13.47,22.2,78.57,65,81,1.9
366,Sorland,NO,2020-07-20 18:31:39,67.67,12.69,57.2,71,40,6.93
367,Key West,US,2020-07-20 18:30:02,24.56,-81.78,90.0,70,75,18.34
368,Sabha,LY,2020-07-20 18:32:22,27.04,14.43,92.44,24,0,15.99
369,Yarada,IN,2020-07-20 18:32:22,17.65,83.27,84.2,79,40,9.17
370,Wote,KE,2020-07-20 18:32:23,-1.78,37.63,63.45,72,15,7.94
371,Codrington,AU,2020-07-20 18:32:23,-38.27,141.97,50.29,77,100,6.98
372,Salalah,OM,2020-07-20 18:32:24,17.02,54.09,80.6,94,75,4.7
373,Bulungu,CD,2020-07-20 18:32:24,-4.55,18.6,78.73,28,21,1.1
374,Dudinka,RU,2020-07-20 18:32:24,69.41,86.18,50.0,100,90,8.95
375,Tromso,NO,2020-07-20 18:32:25,69.65,18.96,55.4,87,75,17.22
376,Suraabad,AZ,2020-07-20 18:32:25,40.82,49.47,82.4,78,0,9.17
377,Turayf,SA,2020-07-20 18:30:41,31.67,38.66,102.2,13,20,13.87
378,Griffith,US,2020-07-20 18:29:34,41.53,-87.42,86.0,48,1,8.05
379,Korla,CN,2020-07-20 18:32:26,41.76,86.15,70.25,53,96,5.21
380,Tomatlan,MX,2020-07-20 18:32:26,19.93,-105.25,92.89,49,0,7.34
381,Sainte-Marie,RE,2020-07-20 18:32:27,-20.9,55.55,68.0,56,18,18.34
382,Tura,IN,2020-07-20 18:32:27,25.52,90.22,73.4,97,100,4.94
383,Pyu,MM,2020-07-20 18:32:28,18.48,96.43,78.24,91,100,2.64
384,Lorengau,PG,2020-07-20 18:32:28,-2.02,147.27,82.06,72,73,6.62
385,Mezhova,UA,2020-07-20 18:32:29,48.25,36.73,69.53,64,32,8.28
386,Grindavik,IS,2020-07-20 18:32:30,63.84,-22.43,51.8,66,75,9.17
387,Constitucion,CL,2020-07-20 18:30:51,-35.33,-72.42,56.21,77,87,10.29
388,Gimli,CA,2020-07-20 18:32:31,50.63,-96.99,75.0,83,100,3.36
389,Pachino,IT,2020-07-20 18:32:32,36.72,15.09,78.01,77,46,1.01
390,Buncrana,IE,2020-07-20 18:32:32,55.13,-7.45,59.0,58,20,9.17
391,Jutai,BR,2020-07-20 18:32:33,-5.18,-68.9,90.14,51,87,3.98
392,Winnemucca,US,2020-07-20 18:32:34,40.97,-117.74,91.4,12,1,8.05
393,Biltine,TD,2020-07-20 18:32:34,14.53,20.92,84.34,51,5,6.51
394,Ozieri,IT,2020-07-20 18:32:34,40.59,9.0,82.4,54,0,6.93
395,La Sarre,CA,2020-07-20 18:32:36,48.8,-79.2,59.76,65,71,9.66
396,Lianran,CN,2020-07-20 18:32:36,24.92,102.48,69.01,100,90,11.18
397,San Jose,US,2020-07-20 18:27:59,37.34,-121.89,75.99,56,75,3.36
398,Ende,ID,2020-07-20 18:32:37,-8.84,121.66,72.75,80,5,1.79
399,Labuhan,ID,2020-07-20 18:31:11,-6.88,112.21,77.27,87,36,7.0
400,Sistranda,NO,2020-07-20 18:32:37,63.73,8.83,55.4,71,75,14.99
401,Turbat,PK,2020-07-20 18:32:37,26.0,63.04,85.78,71,70,11.05
402,Sikonge,TZ,2020-07-20 18:32:37,-5.63,32.77,71.6,49,20,5.82
403,La Macarena,CO,2020-07-20 18:32:37,2.18,-73.78,80.87,86,84,2.93
404,Clonakilty,IE,2020-07-20 18:32:38,51.62,-8.87,62.6,51,20,12.75
405,Mattru,SL,2020-07-20 18:32:38,7.62,-11.83,74.37,95,100,4.92
406,Bonavista,CA,2020-07-20 18:32:38,48.65,-53.11,68.34,65,100,15.99
407,Te Anau,NZ,2020-07-20 18:32:38,-45.42,167.72,41.45,90,97,2.64
408,Meru,KE,2020-07-20 18:32:39,0.05,37.66,61.12,71,95,5.35
409,Milas,TR,2020-07-20 18:32:39,37.32,27.78,82.4,54,0,13.87
410,Zhangjiakou,CN,2020-07-20 18:32:39,40.81,114.88,71.89,57,100,3.13
411,Abengourou,CI,2020-07-20 18:32:39,6.73,-3.5,72.39,96,27,4.65
412,Aktau,KZ,2020-07-20 18:32:39,43.65,51.2,82.4,30,0,4.47
413,Gornopravdinsk,RU,2020-07-20 18:32:40,60.05,69.9,54.63,77,0,6.85
414,Ngunguru,NZ,2020-07-20 18:32:40,-35.62,174.5,52.0,3,24,6.38
415,Abalak,RU,2020-07-20 18:32:23,58.13,68.59,55.13,77,0,6.4
416,Cabra,ES,2020-07-20 18:32:40,37.47,-4.44,99.0,21,55,11.07
417,Kavieng,PG,2020-07-20 18:32:40,-2.57,150.8,81.61,75,2,4.21
418,Buala,SB,2020-07-20 18:32:40,-8.14,159.59,78.53,85,44,6.8
419,Katherine,AU,2020-07-20 18:32:41,-14.47,132.27,57.2,50,8,6.93
420,Komsomolskiy,UZ,2020-07-20 18:28:21,40.43,71.72,77.0,36,60,6.93
421,Angoche,MZ,2020-07-20 18:32:41,-16.23,39.91,70.36,79,13,7.78
422,Huarmey,PE,2020-07-20 18:31:32,-10.07,-78.15,66.85,67,7,10.33
423,Sogne,NO,2020-07-20 18:32:41,58.08,7.82,64.4,48,0,11.41
424,Mao,ES,2020-07-20 18:32:41,39.89,4.27,78.8,69,0,8.05
425,Inhambane,MZ,2020-07-20 18:32:41,-23.86,35.38,66.2,82,40,5.82
426,Chapais,CA,2020-07-20 18:32:42,49.78,-74.85,55.4,87,90,16.11
427,Dembi Dolo,ET,2020-07-20 18:32:42,8.53,34.8,57.02,100,100,2.66
428,Razole,IN,2020-07-20 18:32:42,16.48,81.83,82.87,82,100,7.9
429,Acajutla,SV,2020-07-20 18:31:10,13.59,-89.83,84.0,63,99,6.11
430,Yulara,AU,2020-07-20 18:32:10,-25.24,130.99,46.4,93,75,5.82
431,Latung,PH,2020-07-20 18:32:42,5.5,120.88,83.01,77,2,6.89
432,Lumatil,PH,2020-07-20 18:32:42,5.87,124.89,79.77,77,0,4.32
433,Bloomsburg,US,2020-07-20 18:32:43,41.0,-76.45,91.0,43,100,1.01
434,Laguna,US,2020-07-20 18:30:58,38.42,-121.42,75.0,56,1,9.17
435,Lodja,CD,2020-07-20 18:32:43,-3.48,23.43,75.61,41,0,1.48
436,Wasilla,US,2020-07-20 18:32:43,61.58,-149.44,57.99,100,90,1.34
437,Bambous Virieux,MU,2020-07-20 18:32:43,-20.34,57.76,69.8,60,75,10.29
438,Gwadar,PK,2020-07-20 18:32:43,25.12,62.33,84.47,83,77,14.23
439,Paita,PE,2020-07-20 18:32:43,-5.09,-81.11,73.4,64,0,14.99
440,San Antonio,US,2020-07-20 18:32:20,29.42,-98.49,95.0,46,20,6.93
441,Kolvereid,NO,2020-07-20 18:32:43,64.87,11.6,59.0,67,40,10.29
442,Ambilobe,MG,2020-07-20 18:32:44,-13.2,49.05,66.15,73,0,4.03
443,Curitibanos,BR,2020-07-20 18:32:44,-27.28,-50.58,69.42,60,0,2.13
444,Flin Flon,CA,2020-07-20 18:31:15,54.77,-101.86,73.4,40,40,6.93
445,Sept-Iles,CA,2020-07-20 18:32:44,50.2,-66.38,77.0,69,75,10.29
446,Kapuskasing,CA,2020-07-20 18:32:44,49.42,-82.43,60.8,82,90,12.75
447,Rapid Valley,US,2020-07-20 18:32:44,44.06,-103.15,78.01,60,40,4.7
448,Pimentel,PE,2020-07-20 18:32:44,-6.84,-79.93,71.6,60,79,17.22
449,Seoul,KR,2020-07-20 18:30:49,37.57,126.98,73.4,83,90,2.64
450,Pangody,RU,2020-07-20 18:28:57,65.85,74.49,54.95,67,97,8.63
451,Udachnyy,RU,2020-07-20 18:32:44,66.42,112.4,53.6,93,90,6.71
452,Vila Velha,BR,2020-07-20 18:31:45,-20.33,-40.29,78.8,69,40,6.93
453,Balkhash,KZ,2020-07-20 18:32:45,46.84,74.98,76.35,52,72,4.68
454,Atambua,ID,2020-07-20 18:32:45,-9.11,124.89,66.81,87,0,4.94
455,Aromashevo,RU,2020-07-20 18:32:45,56.86,68.64,55.42,80,0,9.28
456,Abapo,BO,2020-07-20 18:32:45,-18.83,-63.47,92.62,32,22,10.02
457,Makakilo City,US,2020-07-20 18:28:13,21.35,-158.09,80.6,61,90,6.93
458,Olinda,BR,2020-07-20 18:32:45,-8.01,-34.86,80.6,57,75,17.22
459,Ambon,ID,2020-07-20 18:32:45,-3.7,128.18,78.01,15,43,12.44
460,Sucua,EC,2020-07-20 18:32:45,-2.47,-78.17,68.0,82,90,4.7
461,Esso,RU,2020-07-20 18:32:46,55.93,158.7,50.22,70,100,3.78
462,Vicuna,CL,2020-07-20 18:27:48,-30.03,-70.71,62.6,67,58,11.41
463,Mapiri,BO,2020-07-20 18:32:46,-15.25,-68.17,89.55,33,21,3.06
464,Nchelenge,ZM,2020-07-20 18:32:46,-9.35,28.73,67.05,58,0,4.27
465,Egvekinot,RU,2020-07-20 18:32:46,66.32,-179.17,44.49,74,74,4.92
466,Springdale,US,2020-07-20 18:30:10,36.19,-94.13,91.0,52,1,8.05
467,Kommunar,RU,2020-07-20 18:32:46,59.62,30.39,73.99,64,20,4.47
468,Roma,US,2020-07-20 18:30:05,43.21,-75.46,84.99,48,20,14.99
469,Rock Sound,BS,2020-07-20 18:32:46,24.9,-76.2,83.97,77,36,19.91
470,Vila Franca Do Campo,PT,2020-07-20 18:32:46,37.72,-25.43,73.4,60,75,9.17
471,Saint-Augustin,CA,2020-07-20 18:32:46,51.23,-58.65,61.61,93,100,17.52
472,Baykit,RU,2020-07-20 18:32:46,61.67,96.37,49.24,86,2,3.2
473,Anqing,CN,2020-07-20 18:32:47,30.51,117.05,72.21,88,100,1.39
474,Masunga,BW,2020-07-20 18:32:47,-20.62,27.45,57.2,47,0,4.7
475,Hermosillo,MX,2020-07-20 18:31:04,29.07,-110.97,98.6,35,40,3.36
476,Tabas,IR,2020-07-20 18:32:47,33.6,56.92,98.6,11,0,6.93
477,Port Hedland,AU,2020-07-20 18:32:47,-20.32,118.57,60.8,55,0,9.17
478,Bakchar,RU,2020-07-20 18:32:47,57.02,82.07,56.1,98,0,6.29
479,Ajdabiya,LY,2020-07-20 18:32:47,30.76,20.23,79.3,55,0,17.38
480,Ayia Galini,GR,2020-07-20 18:32:47,35.1,24.68,80.01,74,0,5.82
481,Acucena,BR,2020-07-20 18:32:47,-19.07,-42.55,73.6,61,35,4.88
482,Suisun City,US,2020-07-20 18:32:47,38.24,-122.04,77.0,60,1,26.4
483,Lewisporte,CA,2020-07-20 18:32:48,49.25,-55.05,82.4,42,75,12.75
484,Lakes Entrance,AU,2020-07-20 18:32:48,-37.88,147.98,46.99,89,100,1.01
485,Dinhata,IN,2020-07-20 18:32:48,26.13,89.47,77.13,95,100,6.06
486,Newport,GB,2020-07-20 18:29:42,51.59,-3.0,69.01,63,37,7.52
487,Sveti Nikole,MK,2020-07-20 18:32:48,41.87,21.95,77.0,44,0,10.29
488,Inuvik,CA,2020-07-20 18:29:04,68.35,-133.72,50.0,81,90,10.29
489,Klyuchi,RU,2020-07-20 18:32:48,52.27,79.17,68.59,87,64,9.86
490,Mercedes,AR,2020-07-20 18:30:03,-34.65,-59.43,61.0,88,100,3.0
491,Halifax,CA,2020-07-20 18:31:15,44.65,-63.57,79.0,78,0,18.01
492,Cervo,ES,2020-07-20 18:32:49,43.67,-7.41,60.01,91,68,8.99
493,Puerto Escondido,MX,2020-07-20 18:32:49,15.85,-97.07,86.0,70,75,8.05
494,Yerbogachen,RU,2020-07-20 18:32:49,61.28,108.01,49.17,76,24,4.27
495,Tevaitoa,PF,2020-07-20 18:32:49,-16.78,-151.5,77.59,82,82,25.19
496,Salaya,IN,2020-07-20 18:32:36,22.32,69.6,84.34,78,100,17.36
497,Beloha,MG,2020-07-20 18:28:52,-25.17,45.05,62.51,73,0,12.53
498,Cascas,PE,2020-07-20 18:32:50,-7.48,-78.82,68.0,34,75,10.29
499,Sembakung,ID,2020-07-20 18:32:50,3.82,117.25,73.22,98,39,1.97
500,Batos,RO,2020-07-20 18:32:50,46.88,24.67,68.0,82,75,3.36
501,Xuddur,SO,2020-07-20 18:32:50,4.12,43.89,76.64,52,55,17.36
502,Daru,PG,2020-07-20 18:32:50,-9.08,143.21,75.96,87,46,13.02
503,Neijiang,CN,2020-07-20 18:32:50,29.58,105.06,72.79,93,100,7.63
504,Liverpool,GB,2020-07-20 18:30:35,53.41,-2.98,61.0,55,20,10.29
505,Lyaskelya,RU,2020-07-20 18:32:50,61.77,31.02,62.98,74,100,0.49
506,Galle,LK,2020-07-20 18:32:51,6.04,80.22,79.84,84,100,10.2
507,Nara,JP,2020-07-20 18:32:51,34.69,135.8,81.0,47,100,3.44
508,Itigi,TZ,2020-07-20 18:32:51,-5.7,34.48,64.04,57,0,10.89
509,Comodoro Rivadavia,AR,2020-07-20 18:31:23,-45.87,-67.5,42.8,81,90,11.41
510,Zhaoyang,CN,2020-07-20 18:32:51,42.68,126.03,60.71,89,0,5.12
511,Emerald,AU,2020-07-20 18:32:51,-23.53,148.17,55.99,43,100,11.41
512,Sao Joao Da Barra,BR,2020-07-20 18:32:51,-21.64,-41.05,78.8,61,0,13.87
513,Dorado,PR,2020-07-20 18:32:51,18.46,-66.27,90.0,66,75,12.75
514,Liwale,TZ,2020-07-20 18:32:51,-9.77,37.93,70.52,51,91,2.59
515,Altay,CN,2020-07-20 18:32:52,47.87,88.12,68.29,53,100,2.95
516,Sandovo,RU,2020-07-20 18:32:52,58.46,36.41,59.27,88,100,0.83
517,Gopalganj,IN,2020-07-20 18:32:52,26.47,84.43,80.42,89,100,10.56
518,Banamba,ML,2020-07-20 18:32:52,13.55,-7.45,85.42,59,99,2.66
519,Neverkino,RU,2020-07-20 18:32:52,52.79,46.74,61.23,85,0,5.99
520,Calama,CL,2020-07-20 18:32:52,-22.47,-68.93,73.4,2,100,12.75
521,Ketchikan,US,2020-07-20 18:31:15,55.34,-131.65,59.0,100,90,17.22
522,Ajaccio,FR,2020-07-20 18:31:44,42.0,8.92,80.6,69,0,8.05
523,Jiayuguan,CN,2020-07-20 18:32:52,39.82,98.3,74.14,19,100,3.96
524,Vaitape,PF,2020-07-20 18:32:52,-16.52,-151.75,78.15,81,40,25.08
525,Alpena,US,2020-07-20 18:32:53,45.06,-83.43,69.8,60,75,8.05
526,Madawaska,US,2020-07-20 18:29:59,47.36,-68.33,84.99,37,20,18.34
527,Elizabeth City,US,2020-07-20 18:31:15,36.29,-76.25,100.0,53,1,9.17
528,San Quintin,MX,2020-07-20 18:29:57,30.48,-115.95,77.81,49,0,20.38
529,Thessalon,CA,2020-07-20 18:32:53,46.25,-83.57,64.4,68,90,8.05
530,Surgut,RU,2020-07-20 18:32:53,61.25,73.42,60.8,67,0,6.71
531,Uray,RU,2020-07-20 18:32:53,60.12,64.78,56.39,71,12,7.49
532,Rawlins,US,2020-07-20 18:32:53,41.79,-107.24,80.6,21,20,8.23
533,Havre-Saint-Pierre,CA,2020-07-20 18:31:30,50.23,-63.6,75.2,83,75,12.75
534,Catamarca,AR,2020-07-20 18:29:54,-28.47,-65.79,66.99,60,46,3.0
535,Nouna,BF,2020-07-20 18:32:54,12.73,-3.87,84.4,59,14,7.7
536,Svetlyy,RU,2020-07-20 18:32:54,54.67,20.13,66.2,82,75,6.71
537,Hays,US,2020-07-20 18:32:54,30.05,-98.03,96.01,51,1,1.01
538,Cockburn Town,TC,2020-07-20 18:32:54,21.46,-71.14,87.8,62,40,13.87
539,Verkhnevilyuysk,RU,2020-07-20 18:32:54,63.45,120.32,62.73,96,100,6.13
540,Waddan,LY,2020-07-20 18:32:54,29.16,16.14,83.46,40,0,23.02
541,Pochutla,MX,2020-07-20 18:32:55,15.74,-96.47,91.99,55,75,5.44
542,Kyshtovka,RU,2020-07-20 18:32:55,56.55,76.63,54.01,92,14,8.86
543,Healdsburg,US,2020-07-20 18:32:39,38.61,-122.87,70.0,68,40,4.7
544,Petauke,ZM,2020-07-20 18:32:55,-14.24,31.33,59.43,66,42,8.52
545,Puerto Carreno,CO,2020-07-20 18:32:55,6.19,-67.49,80.6,74,75,4.7
546,Sheridan,US,2020-07-20 18:32:55,44.83,-106.92,75.2,36,1,23.04
547,Vestmannaeyjar,IS,2020-07-20 18:32:55,63.44,-20.27,53.6,58,20,8.05
548,Olafsvik,IS,2020-07-20 18:32:56,64.89,-23.71,50.58,71,0,2.19
549,The Valley,AI,2020-07-20 18:32:56,18.22,-63.06,89.6,66,20,12.75
550,Alofi,NU,2020-07-20 18:32:08,-19.06,-169.92,75.2,100,75,8.05
551,Araouane,ML,2020-07-20 18:32:56,18.9,-3.53,104.79,18,100,1.97
552,Hargeysa,SO,2020-07-20 18:32:56,9.56,44.06,73.83,52,34,19.13
553,Tikapur,NP,2020-07-20 18:32:56,28.5,81.13,81.0,84,100,1.01
554,Oranjemund,NA,2020-07-20 18:32:56,-28.55,16.43,65.07,37,0,4.81
555,Berbera,SO,2020-07-20 18:32:56,10.44,45.01,91.65,48,100,18.1
556,Gao,ML,2020-07-20 18:32:57,16.64,1.64,94.17,31,33,13.06
557,Mount Isa,AU,2020-07-20 18:32:26,-20.73,139.5,60.8,26,0,14.99
558,Yinchuan,CN,2020-07-20 18:32:57,38.47,106.27,77.11,39,99,10.96
559,Buchanan,LR,2020-07-20 18:31:23,5.88,-10.05,78.8,94,75,8.05
560,Vardo,NO,2020-07-20 18:32:57,70.37,31.11,53.6,93,100,12.75
561,Gediz,TR,2020-07-20 18:32:57,39.04,29.41,69.69,63,0,7.43
562,Byron Bay,AU,2020-07-20 18:31:16,-28.65,153.62,50.0,93,36,10.0
563,Stepnyak,KZ,2020-07-20 18:32:57,52.83,70.78,67.73,86,100,6.02
564,Bandar-E Anzali,IR,2020-07-20 18:32:57,37.47,49.46,82.4,88,0,4.81
565,Belyy Yar,RU,2020-07-20 18:32:57,53.6,91.39,64.4,82,76,4.47
566,Mega,ET,2020-07-20 18:32:57,4.05,38.3,59.49,75,100,9.82
567,Tshikapa,CD,2020-07-20 18:32:58,-6.42,20.8,72.97,25,28,0.81
568,Ipira,BR,2020-07-20 18:32:58,-12.16,-39.74,78.39,56,55,13.85
569,Baghdad,IQ,2020-07-20 18:30:07,33.34,44.4,105.8,12,0,16.11
570,Kyabram,AU,2020-07-20 18:32:58,-36.32,145.05,38.61,93,0,6.67
571,Bandarbeyla,SO,2020-07-20 18:32:29,9.49,50.81,77.27,74,99,25.12
